method,wikitext2_ppl,wikitext2_target,ptb_ppl,ptb_target,c4_ppl,c4_target,runtime_sec
fp16,27.653175354003906,27.65,32.55255889892578,38.99,25.624658584594727,26.56,155.3
rtn_4bit,37.27896499633789,37.28,45.118316650390625,53.89,32.857242584228516,33.91,155.2
gptq_4bit,31.076988220214844,31.12,37.1423225402832,45.17,28.25111961364746,29.22,169.6
rtn_3bit,1277.0244140625,1300,1209.02490234375,1400,823.260009765625,834,155.8
gptq_3bit,53.94926452636719,53.85,68.87190246582031,73.19,41.31059265136719,42.41,168.5
