wbits,mse,wikitext2_ppl,ptb_ppl,c4_ppl,runtime_sec
4,False,30.269554138183594,37.06663513183594,28.373380661010742,283.9
4,True,31.895732879638672,38.36294937133789,29.619571685791016,218.4
3,False,45.91472244262695,71.11677551269531,45.53969955444336,187.9
3,True,57.140201568603516,89.09205627441406,62.210968017578125,201.2
